sample	population	latitude	longitude	sex
NA18536	CHB	39.9042	116.4074	male
NA18538	CHB	39.9042	116.4074	female
NA18541	CHB	39.9042	116.4074	female
NA18552	CHB	39.9042	116.4074	female
NA18553	CHB	39.9042	116.4074	female
NA18555	CHB	39.9042	116.4074	female
NA18557	CHB	39.9042	116.4074	male
NA18562	CHB	39.9042	116.4074	male
NA18564	CHB	39.9042	116.4074	female
NA18573	CHB	39.9042	116.4074	female
NA18574	CHB	39.9042	116.4074	female
NA18606	CHB	39.9042	116.4074	male
NA18611	CHB	39.9042	116.4074	male
NA18612	CHB	39.9042	116.4074	male
NA18613	CHB	39.9042	116.4074	male
NA18616	CHB	39.9042	116.4074	female
NA18617	CHB	39.9042	116.4074	female
NA18638	CHB	39.9042	116.4074	male
NA18643	CHB	39.9042	116.4074	male
NA18647	CHB	39.9042	116.4074	male
HG00099	GBR	51.5074	-0.1278	female
HG00101	GBR	51.5074	-0.1278	male
HG00115	GBR	51.5074	-0.1278	male
HG00117	GBR	51.5074	-0.1278	male
HG00121	GBR	51.5074	-0.1278	female
HG00122	GBR	51.5074	-0.1278	female
HG00123	GBR	51.5074	-0.1278	female
HG00125	GBR	51.5074	-0.1278	female
HG00132	GBR	51.5074	-0.1278	female
HG00136	GBR	51.5074	-0.1278	male
HG00137	GBR	51.5074	-0.1278	female
HG00141	GBR	51.5074	-0.1278	male
HG00149	GBR	51.5074	-0.1278	male
HG00151	GBR	51.5074	-0.1278	male
HG00233	GBR	51.5074	-0.1278	female
HG00240	GBR	51.5074	-0.1278	female
HG00250	GBR	51.5074	-0.1278	female
HG00253	GBR	51.5074	-0.1278	female
HG00258	GBR	51.5074	-0.1278	female
HG02215	GBR	51.5074	-0.1278	female
HG03713	ITU	51.5074	-0.1278	male
HG03718	ITU	51.5074	-0.1278	male
HG03770	ITU	51.5074	-0.1278	female
HG03773	ITU	51.5074	-0.1278	male
HG03784	ITU	51.5074	-0.1278	female
HG03788	ITU	51.5074	-0.1278	male
HG03867	ITU	51.5074	-0.1278	male
HG03871	ITU	51.5074	-0.1278	male
HG03872	ITU	51.5074	-0.1278	male
HG03873	ITU	51.5074	-0.1278	female
HG03974	ITU	51.5074	-0.1278	male
HG03977	ITU	51.5074	-0.1278	female
HG03978	ITU	51.5074	-0.1278	male
HG04017	ITU	51.5074	-0.1278	male
HG04056	ITU	51.5074	-0.1278	male
HG04059	ITU	51.5074	-0.1278	female
HG04070	ITU	51.5074	-0.1278	female
HG04200	ITU	51.5074	-0.1278	female
HG04225	ITU	51.5074	-0.1278	male
HG04235	ITU	51.5074	-0.1278	male
NA19024	LWK	0.6075	34.7697	female
NA19030	LWK	0.6075	34.7697	female
NA19037	LWK	0.6075	34.7697	female
NA19317	LWK	0.6075	34.7697	male
NA19318	LWK	0.6075	34.7697	male
NA19320	LWK	0.6075	34.7697	female
NA19321	LWK	0.6075	34.7697	female
NA19328	LWK	0.6075	34.7697	female
NA19331	LWK	0.6075	34.7697	male
NA19334	LWK	0.6075	34.7697	male
NA19338	LWK	0.6075	34.7697	female
NA19360	LWK	0.6075	34.7697	male
NA19383	LWK	0.6075	34.7697	male
NA19385	LWK	0.6075	34.7697	male
NA19393	LWK	0.6075	34.7697	male
NA19395	LWK	0.6075	34.7697	female
NA19446	LWK	0.6075	34.7697	female
NA19451	LWK	0.6075	34.7697	male
NA19456	LWK	0.6075	34.7697	female
NA19474	LWK	0.6075	34.7697	female
HG01566	PEL	-12.0464	-77.0428	female
HG01571	PEL	-12.0464	-77.0428	male
HG01577	PEL	-12.0464	-77.0428	male
HG01578	PEL	-12.0464	-77.0428	female
HG01917	PEL	-12.0464	-77.0428	male
HG01918	PEL	-12.0464	-77.0428	female
HG01927	PEL	-12.0464	-77.0428	female
HG01933	PEL	-12.0464	-77.0428	female
HG01938	PEL	-12.0464	-77.0428	male
HG01942	PEL	-12.0464	-77.0428	female
HG01950	PEL	-12.0464	-77.0428	male
HG01961	PEL	-12.0464	-77.0428	male
HG01967	PEL	-12.0464	-77.0428	male
HG01974	PEL	-12.0464	-77.0428	male
HG02002	PEL	-12.0464	-77.0428	male
HG02146	PEL	-12.0464	-77.0428	male
HG02278	PEL	-12.0464	-77.0428	female
HG02301	PEL	-12.0464	-77.0428	female
HG02345	PEL	-12.0464	-77.0428	female
HG02425	PEL	-12.0464	-77.0428	female
HG00637	PUR	18.4655	-66.1057	male
HG00731	PUR	18.4655	-66.1057	male
HG00742	PUR	18.4655	-66.1057	male
HG01048	PUR	18.4655	-66.1057	male
HG01054	PUR	18.4655	-66.1057	male
HG01058	PUR	18.4655	-66.1057	female
HG01061	PUR	18.4655	-66.1057	female
HG01067	PUR	18.4655	-66.1057	female
HG01077	PUR	18.4655	-66.1057	female
HG01086	PUR	18.4655	-66.1057	female
HG01088	PUR	18.4655	-66.1057	male
HG01098	PUR	18.4655	-66.1057	female
HG01101	PUR	18.4655	-66.1057	male
HG01161	PUR	18.4655	-66.1057	male
HG01177	PUR	18.4655	-66.1057	female
HG01182	PUR	18.4655	-66.1057	male
HG01303	PUR	18.4655	-66.1057	female
HG01305	PUR	18.4655	-66.1057	male
HG01308	PUR	18.4655	-66.1057	male
HG01396	PUR	18.4655	-66.1057	female
HG03686	STU	51.5074	-0.1278	male
HG03692	STU	51.5074	-0.1278	female
HG03695	STU	51.5074	-0.1278	male
HG03740	STU	51.5074	-0.1278	male
HG03744	STU	51.5074	-0.1278	male
HG03756	STU	51.5074	-0.1278	female
HG03760	STU	51.5074	-0.1278	female
HG03836	STU	51.5074	-0.1278	female
HG03856	STU	51.5074	-0.1278	male
HG03857	STU	51.5074	-0.1278	female
HG03858	STU	51.5074	-0.1278	female
HG03885	STU	51.5074	-0.1278	male
HG03888	STU	51.5074	-0.1278	female
HG03943	STU	51.5074	-0.1278	male
HG03949	STU	51.5074	-0.1278	female
HG03989	STU	51.5074	-0.1278	female
HG03990	STU	51.5074	-0.1278	male
HG03995	STU	51.5074	-0.1278	female
HG03998	STU	51.5074	-0.1278	male
HG04039	STU	51.5074	-0.1278	male
NA18501	YRI	7.3776	3.9059	male
NA18516	YRI	7.3776	3.9059	male
NA18517	YRI	7.3776	3.9059	female
NA18874	YRI	7.3776	3.9059	male
NA18876	YRI	7.3776	3.9059	female
NA18878	YRI	7.3776	3.9059	female
NA18907	YRI	7.3776	3.9059	female
NA18908	YRI	7.3776	3.9059	male
NA18916	YRI	7.3776	3.9059	female
NA18933	YRI	7.3776	3.9059	female
NA19118	YRI	7.3776	3.9059	female
NA19171	YRI	7.3776	3.9059	male
NA19172	YRI	7.3776	3.9059	female
NA19185	YRI	7.3776	3.9059	female
NA19190	YRI	7.3776	3.9059	female
NA19209	YRI	7.3776	3.9059	female
NA19210	YRI	7.3776	3.9059	male
NA19213	YRI	7.3776	3.9059	male
NA19222	YRI	7.3776	3.9059	female
NA19247	YRI	7.3776	3.9059	female
